Workbook

Sheet Executive Summary
A1: Multi-Platform Delivery Sales Reconciliation & Performance Analytics
A2: NOTE: This workbook contains synthetic sample data for methodology demonstration purposes.
A4: Total POS Net Sales | B4: Total Expected Payout | C4: Total Discrepancy | D4: Matched Orders Rate
A5: =SUM(POS_Sales_Report!G2:G221) -> 31206.39 | B5: =SUM(Delivery_Platform_Report!H2:H218) -> 24690.95 | C5: =SUM(Reconciliation_Audit!I2:I221) -> 524.86 | D5: =COUNTIF(Reconciliation_Audit!J2:J221, "Matched")/COUNTA(Reconciliation_Audit!A2:A221) -> 0.98636364
A7: Platform Performance Summary
A8: Platform Name | B8: Total Orders | C8: POS Net Sales (SAR) | D8: Avg Order Value (SAR)
A9: Ninja | B9: =COUNTIF(POS_Sales_Report!D2:D221, "Ninja") -> 55 | C9: =SUMIF(POS_Sales_Report!D2:D221, "Ninja", POS_Sales_Report!G2:G221) -> 8039.49 | D9: =AVERAGEIF(POS_Sales_Report!D2:D221, "Ninja", POS_Sales_Report!G2:G221) -> 146.17255
A10: Jahez | B10: =COUNTIF(POS_Sales_Report!D2:D221, "Jahez") -> 47 | C10: =SUMIF(POS_Sales_Report!D2:D221, "Jahez", POS_Sales_Report!G2:G221) -> 6335.18 | D10: =AVERAGEIF(POS_Sales_Report!D2:D221, "Jahez", POS_Sales_Report!G2:G221) -> 134.79106
A11: ToYou | B11: =COUNTIF(POS_Sales_Report!D2:D221, "ToYou") -> 44 | C11: =SUMIF(POS_Sales_Report!D2:D221, "ToYou", POS_Sales_Report!G2:G221) -> 6744.31 | D11: =AVERAGEIF(POS_Sales_Report!D2:D221, "ToYou", POS_Sales_Report!G2:G221) -> 153.27977
A12: Hungerstation | B12: =COUNTIF(POS_Sales_Report!D2:D221, "Hungerstation") -> 37 | C12: =SUMIF(POS_Sales_Report!D2:D221, "Hungerstation", POS_Sales_Report!G2:G221) -> 5037.63 | D12: =AVERAGEIF(POS_Sales_Report!D2:D221, "Hungerstation", POS_Sales_Report!G2:G221) -> 136.15216
A13: Chefz | B13: =COUNTIF(POS_Sales_Report!D2:D221, "Chefz") -> 37 | C13: =SUMIF(POS_Sales_Report!D2:D221, "Chefz", POS_Sales_Report!G2:G221) -> 5049.78 | D13: =AVERAGEIF(POS_Sales_Report!D2:D221, "Chefz", POS_Sales_Report!G2:G221) -> 136.48054

Sheet Reconciliation_Audit
A1: POS Order ID | B1: Platform Ref ID | C1: Order Date | D1: Platform | E1: POS Net Sales (SAR) | F1: Platform Net Payout (SAR) | G1: Platform Net Payout (SAR) | H1: Commission & VAT Deducted | I1: Discrepancy (SAR) | J1: Reconciliation Status | K1: Audit Notes
A2: =POS_Sales_Report!A2 -> POS-1000 | B2: =POS_Sales_Report!B2 -> REF-80000 | C2: =POS_Sales_Report!C2 -> 2026-08-01 | D2: =POS_Sales_Report!D2 -> Ninja | E2: =POS_Sales_Report!G2 -> 123.49 | F2: =IFERROR(INDEX(Delivery_Platform_Report!$E:$E,MATCH(B2,Delivery_Platform_Report!$A:$A,0)),0) -> 123.49 | G2: =IFERROR(INDEX(Delivery_Platform_Report!$H:$H,MATCH(B2,Delivery_Platform_Report!$A:$A,0)),0) -> 106.45 | H2: =F2-G2 -> 17.04 | I2: =E2-F2 -> 0 | J2: =IF(F2=0, "Missing in Platform", IF(ABS(I2)<0.01, "Matched", "Amount Mismatch")) -> Matched | K2: =IF(J2="Matched", "Clean Record", IF(J2="Missing in Platform", "Uncollected Payout - Order Not Found", "Payout Variance - Requires Settlement Audit")) -> Clean Record
A3: =POS_Sales_Report!A3 -> POS-1001 | B3: =POS_Sales_Report!B3 -> REF-80001 | C3: =POS_Sales_Report!C3 -> 2026-08-01 | D3: =POS_Sales_Report!D3 -> Chefz | E3: =POS_Sales_Report!G3 -> 148.73 | F3: =IFERROR(INDEX(Delivery_Platform_Report!$E:$E,MATCH(B3,Delivery_Platform_Report!$A:$A,0)),0) -> 148.73 | G3: =IFERROR(INDEX(Delivery_Platform_Report!$H:$H,MATCH(B3,Delivery_Platform_Report!$A:$A,0)),0) -> 111.1 | H3: =F3-G3 -> 37.63 | I3: =E3-F3 -> 0 | J3: =IF(F3=0, "Missing in Platform", IF(ABS(I3)<0.01, "Matched", "Amount Mismatch")) -> Matched | K3: =IF(J3="Matched", "Clean Record", IF(J3="Missing in Platform", "Uncollected Payout - Order Not Found", "Payout Variance - Requires Settlement Audit")) -> Clean Record
A4: =POS_Sales_Report!A4 -> POS-1002 | B4: =POS_Sales_Report!B4 -> REF-80002 | C4: =POS_Sales_Report!C4 -> 2026-08-01 | D4: =POS_Sales_Report!D4 -> ToYou | E4: =POS_Sales_Report!G4 -> 194.33 | F4: =IFERROR(INDEX(Delivery_Platform_Report!$E:$E,MATCH(B4,Delivery_Platform_Report!$A:$A,0)),0) -> 194.33 | G4: =IFERROR(INDEX(Delivery_Platform_Report!$H:$H,MATCH(B4,Delivery_Platform_Report!$A:$A,0)),0) -> 160.81 | H4: =F4-G4 -> 33.52 | I4: =E4-F4 -> 0 | J4: =IF(F4=0, "Missing in Platform", IF(ABS(I4)<0.01, "Matched", "Amount Mismatch")) -> Matched | K4: =IF(J4="Matched", "Clean Record", IF(J4="Missing in Platform", "Uncollected Payout - Order Not Found", "Payout Variance - Requires Settlement Audit")) -> Clean Record
A5: =POS_Sales_Report!A5 -> POS-1003 | B5: =POS_Sales_Report!B5 -> REF-80003 | C5: =POS_Sales_Report!C5 -> 2026-08-01 | D5: =POS_Sales_Report!D5 -> Chefz | E5: =POS_Sales_Report!G5 -> 181.89 | F5: =IFERROR(INDEX(Delivery_Platform_Report!$E:$E,MATCH(B5,Delivery_Platform_Report!$A:$A,0)),0) -> 181.89 | G5: =IFERROR(INDEX(Delivery_Platform_Report!$H:$H,MATCH(B5,Delivery_Platform_Report!$A:$A,0)),0) -> 135.87 | H5: =F5-G5 -> 46.02 | I5: =E5-F5 -> 0 | J5: =IF(F5=0, "Missing in Platform", IF(ABS(I5)<0.01, "Matched", "Amount Mismatch")) -> Matched | K5: =IF(J5="Matched", "Clean Record", IF(J5="Missing in Platform", "Uncollected Payout - Order Not Found", "Payout Variance - Requires Settlement Audit")) -> Clean Record
A6: =POS_Sales_Report!A6 -> POS-1004 | B6: =POS_Sales_Report!B6 -> REF-80004 | C6: =POS_Sales_Report!C6 -> 2026-08-01 | D6: =POS_Sales_Report!D6 -> Chefz | E6: =POS_Sales_Report!G6 -> 194.4 | F6: =IFERROR(INDEX(Delivery_Platform_Report!$E:$E,MATCH(B6,Delivery_Platform_Report!$A:$A,0)),0) -> 194.4 | G6: =IFERROR(INDEX(Delivery_Platform_Report!$H:$H,MATCH(B6,Delivery_Platform_Report!$A:$A,0)),0) -> 145.21 | H6: =F6-G6 -> 49.19 | I6: =E6-F6 -> 0 | J6: =IF(F6=0, "Missing in Platform", IF(ABS(I6)<0.01, "Matched", "Amount Mismatch")) -> Matched | K6: =IF(J6="Matched", "Clean Record", IF(J6="Missing in Platform", "Uncollected Payout - Order Not Found", "Payout Variance - Requires Settlement Audit")) -> Clean Record
A7: =POS_Sales_Report!A7 -> POS-1005 | B7: =POS_Sales_Report!B7 -> REF-80005 | C7: =POS_Sales_Report!C7 -> 2026-08-01 | D7: =POS_Sales_Report!D7 -> Hungerstation | E7: =POS_Sales_Report!G7 -> 83.91 | F7: =IFERROR(INDEX(Delivery_Platform_Report!$E:$E,MATCH(B7,Delivery_Platform_Report!$A:$A,0)),0) -> 83.91 | G7: =IFERROR(INDEX(Delivery_Platform_Report!$H:$H,MATCH(B7,Delivery_Platform_Report!$A:$A,0)),0) -> 64.61 | H7: =F7-G7 -> 19.3 | I7: =E7-F7 -> 0 | J7: =IF(F7=0, "Missing in Platform", IF(ABS(I7)<0.01, "Matched", "Amount Mismatch")) -> Matched | K7: =IF(J7="Matched", "Clean Record", IF(J7="Missing in Platform", "Uncollected Payout - Order Not Found", "Payout Variance - Requires Settlement Audit")) -> Clean Record
A8: =POS_Sales_Report!A8 -> POS-1006 | B8: =POS_Sales_Report!B8 -> REF-80006 | C8: =POS_Sales_Report!C8 -> 2026-08-01 | D8: =POS_Sales_Report!D8 -> ToYou | E8: =POS_Sales_Report!G8 -> 153.7 | F8: =IFERROR(INDEX(Delivery_Platform_Report!$E:$E,MATCH(B8,Delivery_Platform_Report!$A:$A,0)),0) -> 153.7 | G8: =IFERROR(INDEX(Delivery_Platform_Report!$H:$H,MATCH(B8,Delivery_Platform_Report!$A:$A,0)),0) -> 127.19 | H8: =F8-G8 -> 26.51 | I8: =E8-F8 -> 0 | J8: =IF(F8=0, "Missing in Platform", IF(ABS(I8)<0.01, "Matched", "Amount Mismatch")) -> Matched | K8: =IF(J8="Matched", "Clean Record", IF(J8="Missing in Platform", "Uncollected Payout - Order Not Found", "Payout Variance - Requires Settlement Audit")) -> Clean Record
A9: =POS_Sales_Report!A9 -> POS-1007 | B9: =POS_Sales_Report!B9 -> REF-80007 | C9: =POS_Sales_Report!C9 -> 2026-08-01 | D9: =POS_Sales_Report!D9 -> ToYou | E9: =POS_Sales_Report!G9 -> 186.11 | F9: =IFERROR(INDEX(Delivery_Platform_Report!$E:$E,MATCH(B9,Delivery_Platform_Report!$A:$A,0)),0) -> 186.11 | G9: =IFERROR(INDEX(Delivery_Platform_Report!$H:$H,MATCH(B9,Delivery_Platform_Report!$A:$A,0)),0) -> 154 | H9: =F9-G9 -> 32.11 | I9: =E9-F9 -> 0 | J9: =IF(F9=0, "Missing in Platform", IF(ABS(I9)<0.01, "Matched", "Amount Mismatch")) -> Matched | K9: =IF(J9="Matched", "Clean Record", IF(J9="Missing in Platform", "Uncollected Payout - Order Not Found", "Payout Variance - Requires Settlement Audit")) -> Clean Record
A10: =POS_Sales_Report!A10 -> POS-1008 | B10: =POS_Sales_Report!B10 -> REF-80008 | C10: =POS_Sales_Report!C10 -> 2026-08-01 | D10: =POS_Sales_Report!D10 -> ToYou | E10: =POS_Sales_Report!G10 -> 88 | F10: =IFERROR(INDEX(Delivery_Platform_Report!$E:$E,MATCH(B10,Delivery_Platform_Report!$A:$A,0)),0) -> 88 | G10: =IFERROR(INDEX(Delivery_Platform_Report!$H:$H,MATCH(B10,Delivery_Platform_Report!$A:$A,0)),0) -> 72.82 | H10: =F10-G10 -> 15.18 | I10: =E10-F10 -> 0 | J10: =IF(F10=0, "Missing in Platform", IF(ABS(I10)<0.01, "Matched", "Amount Mismatch")) -> Matched | K10: =IF(J10="Matched", "Clean Record", IF(J10="Missing in Platform", "Uncollected Payout - Order Not Found", "Payout Variance - Requires Settlement Audit")) -> Clean Record
A11: =POS_Sales_Report!A11 -> POS-1009 | B11: =POS_Sales_Report!B11 -> REF-80009 | C11: =POS_Sales_Report!C11 -> 2026-08-01 | D11: =POS_Sales_Report!D11 -> Chefz | E11: =POS_Sales_Report!G11 -> 76.74 | F11: =IFERROR(INDEX(Delivery_Platform_Report!$E:$E,MATCH(B11,Delivery_Platform_Report!$A:$A,0)),0) -> 76.74 | G11: =IFERROR(INDEX(Delivery_Platform_Report!$H:$H,MATCH(B11,Delivery_Platform_Report!$A:$A,0)),0) -> 57.33 | H11: =F11-G11 -> 19.41 | I11: =E11-F11 -> 0 | J11: =IF(F11=0, "Missing in Platform", IF(ABS(I11)<0.01, "Matched", "Amount Mismatch")) -> Matched | K11: =IF(J11="Matched", "Clean Record", IF(J11="Missing in Platform", "Uncollected Payout - Order Not Found", "Payout Variance - Requires Settlement Audit")) -> Clean Record
A12: =POS_Sales_Report!A12 -> POS-1010 | B12: =POS_Sales_Report!B12 -> REF-80010 | C12: =POS_Sales_Report!C12 -> 2026-08-01 | D12: =POS_Sales_Report!D12 -> Ninja | E12: =POS_Sales_Report!G12 -> 246.26 | F12: =IFERROR(INDEX(Delivery_Platform_Report!$E:$E,MATCH(B12,Delivery_Platform_Report!$A:$A,0)),0) -> 246.26 | G12: =IFERROR(INDEX(Delivery_Platform_Report!$H:$H,MATCH(B12,Delivery_Platform_Report!$A:$A,0)),0) -> 197.28 | H12: =F12-G12 -> 48.98 | I12: =E12-F12 -> 0 | J12: =IF(F12=0, "Missing in Platform", IF(ABS(I12)<0.01, "Matched", "Amount Mismatch")) -> Matched | K12: =IF(J12="Matched", "Clean Record", IF(J12="Missing in Platform", "Uncollected Payout - Order Not Found", "Payout Variance - Requires Settlement Audit")) -> Clean Record
A13: =POS_Sales_Report!A13 -> POS-1011 | B13: =POS_Sales_Report!B13 -> REF-80011 | C13: =POS_Sales_Report!C13 -> 2026-08-01 | D13: =POS_Sales_Report!D13 -> ToYou | E13: =POS_Sales_Report!G13 -> 133.64 | F13: =IFERROR(INDEX(Delivery_Platform_Report!$E:$E,MATCH(B13,Delivery_Platform_Report!$A:$A,0)),0) -> 133.64 | G13: =IFERROR(INDEX(Delivery_Platform_Report!$H:$H,MATCH(B13,Delivery_Platform_Report!$A:$A,0)),0) -> 110.58 | H13: =F13-G13 -> 23.06 | I13: =E13-F13 -> 0 | J13: =IF(F13=0, "Missing in Platform", IF(ABS(I13)<0.01, "Matched", "Amount Mismatch")) -> Matched | K13: =IF(J13="Matched", "Clean Record", IF(J13="Missing in Platform", "Uncollected Payout - Order Not Found", "Payout Variance - Requires Settlement Audit")) -> Clean Record
... A221: =POS_Sales_Report!A221 -> POS-1219 | B221: =POS_Sales_Report!B221 -> REF-80219 | C221: =POS_Sales_Report!C221 -> 2026-08-15 | D221: =POS_Sales_Report!D221 -> Jahez | E221: =POS_Sales_Report!G221 -> 157.99 | F221: =IFERROR(INDEX(Delivery_Platform_Report!$E:$E,MATCH(B221,Delivery_Platform_Report!$A:$A,0)),0) -> 157.99 | G221: =IFERROR(INDEX(Delivery_Platform_Report!$H:$H,MATCH(B221,Delivery_Platform_Report!$A:$A,0)),0) -> 125.28 | H221: =F221-G221 -> 32.71 | I221: =E221-F221 -> 0 | J221: =IF(F221=0, "Missing in Platform", IF(ABS(I221)<0.01, "Matched", "Amount Mismatch")) -> Matched | K221: =IF(J221="Matched", "Clean Record", IF(J221="Missing in Platform", "Uncollected Payout - Order Not Found", "Payout Variance - Requires Settlement Audit")) -> Clean Record

Sheet POS_Sales_Report
A1: POS_Order_ID | B1: Platform_Reference_ID | C1: Order_Date | D1: Platform_Name | E1: Gross_Amount_SAR | F1: Discount_SAR | G1: Net_Sales_SAR | H1: POS_Status
A2: POS-1000 | B2: REF-80000 | C2: 2026-08-01 | D2: Ninja | E2: 123.49 | F2: 0 | G2: 123.49 | H2: Completed
A3: POS-1001 | B3: REF-80001 | C3: 2026-08-01 | D3: Chefz | E3: 148.73 | F3: 0 | G3: 148.73 | H3: Completed
A4: POS-1002 | B4: REF-80002 | C4: 2026-08-01 | D4: ToYou | E4: 215.92 | F4: 21.59 | G4: 194.33 | H4: Completed
A5: POS-1003 | B5: REF-80003 | C5: 2026-08-01 | D5: Chefz | E5: 181.89 | F5: 0 | G5: 181.89 | H5: Completed
A6: POS-1004 | B6: REF-80004 | C6: 2026-08-01 | D6: Chefz | E6: 194.4 | F6: 0 | G6: 194.4 | H6: Completed
A7: POS-1005 | B7: REF-80005 | C7: 2026-08-01 | D7: Hungerstation | E7: 83.91 | F7: 0 | G7: 83.91 | H7: Completed
A8: POS-1006 | B8: REF-80006 | C8: 2026-08-01 | D8: ToYou | E8: 153.7 | F8: 0 | G8: 153.7 | H8: Completed
A9: POS-1007 | B9: REF-80007 | C9: 2026-08-01 | D9: ToYou | E9: 186.11 | F9: 0 | G9: 186.11 | H9: Completed
A10: POS-1008 | B10: REF-80008 | C10: 2026-08-01 | D10: ToYou | E10: 88 | F10: 0 | G10: 88 | H10: Completed
A11: POS-1009 | B11: REF-80009 | C11: 2026-08-01 | D11: Chefz | E11: 76.74 | F11: 0 | G11: 76.74 | H11: Completed
A12: POS-1010 | B12: REF-80010 | C12: 2026-08-01 | D12: Ninja | E12: 246.26 | F12: 0 | G12: 246.26 | H12: Completed
A13: POS-1011 | B13: REF-80011 | C13: 2026-08-01 | D13: ToYou | E13: 148.49 | F13: 14.85 | G13: 133.64 | H13: Completed
... A221: POS-1219 | B221: REF-80219 | C221: 2026-08-15 | D221: Jahez | E221: 157.99 | F221: 0 | G221: 157.99 | H221: Completed

Sheet Delivery_Platform_Report
A1: Platform_Order_ID | B1: POS_Order_Ref | C1: Order_Date | D1: Platform_Name | E1: Platform_Gross_SAR | F1: Commission_Fee_SAR | G1: VAT_15%_SAR | H1: Net_Payout_SAR | I1: Delivery_Status
A2: REF-80000 | B2: POS-1000 | C2: 2026-08-01 | D2: Ninja | E2: 123.49 | F2: 14.82 | G2: 2.22 | H2: 106.45 | I2: Delivered
A3: REF-80001 | B3: POS-1001 | C3: 2026-08-01 | D3: Chefz | E3: 148.73 | F3: 32.72 | G3: 4.91 | H3: 111.1 | I3: Delivered
A4: REF-80002 | B4: POS-1002 | C4: 2026-08-01 | D4: ToYou | E4: 194.33 | F4: 29.15 | G4: 4.37 | H4: 160.81 | I4: Delivered
A5: REF-80003 | B5: POS-1003 | C5: 2026-08-01 | D5: Chefz | E5: 181.89 | F5: 40.02 | G5: 6 | H5: 135.87 | I5: Delivered
A6: REF-80004 | B6: POS-1004 | C6: 2026-08-01 | D6: Chefz | E6: 194.4 | F6: 42.77 | G6: 6.42 | H6: 145.21 | I6: Delivered
A7: REF-80005 | B7: POS-1005 | C7: 2026-08-01 | D7: Hungerstation | E7: 83.91 | F7: 16.78 | G7: 2.52 | H7: 64.61 | I7: Delivered
A8: REF-80006 | B8: POS-1006 | C8: 2026-08-01 | D8: ToYou | E8: 153.7 | F8: 23.05 | G8: 3.46 | H8: 127.19 | I8: Delivered
A9: REF-80007 | B9: POS-1007 | C9: 2026-08-01 | D9: ToYou | E9: 186.11 | F9: 27.92 | G9: 4.19 | H9: 154 | I9: Delivered
A10: REF-80008 | B10: POS-1008 | C10: 2026-08-01 | D10: ToYou | E10: 88 | F10: 13.2 | G10: 1.98 | H10: 72.82 | I10: Delivered
A11: REF-80009 | B11: POS-1009 | C11: 2026-08-01 | D11: Chefz | E11: 76.74 | F11: 16.88 | G11: 2.53 | H11: 57.33 | I11: Delivered
A12: REF-80010 | B12: POS-1010 | C12: 2026-08-01 | D12: Ninja | E12: 246.26 | F12: 29.55 | G12: 4.43 | H12: 197.28 | I12: Delivered
A13: REF-80011 | B13: POS-1011 | C13: 2026-08-01 | D13: ToYou | E13: 133.64 | F13: 20.05 | G13: 3.01 | H13: 110.58 | I13: Delivered
... A218: REF-80219 | B218: POS-1219 | C218: 2026-08-15 | D218: Jahez | E218: 157.99 | F218: 28.44 | G218: 4.27 | H218: 125.28 | I218: Delivered

Sheet Data_Notes_Assumptions
A1: Parameter / Metric | B1: Rule & Methodology Description
A2: Primary Join Key | B2: Platform_Reference_ID in POS matched against Platform_Order_ID in Delivery reports.
A3: Reconciliation Matching | B3: XLOOKUP match applied. Tolerance threshold set at ABS(Variance) < 0.01 SAR.
A4: Commission Rates | B4: Jahez (18%), Hungerstation (20%), ToYou (15%), Ninja (12%), Chefz (22%).
A5: VAT Logic | B5: 15% VAT applied exclusively to platform commission fees.
A6: Audit Flags | B6: 'Missing in Platform' indicates uncollected sales; 'Amount Mismatch' flags payout discrepancies.
